﻿Name,Tags,작성자,작성시간,수정시간,Property,Property 1,Property 2,Property 3
(제목 예시)  창업 추천,#매출 예측,Kim Jung eui,"Jul 3, 2020 3:01 PM","Jul 3, 2020 3:27 PM",,,,
스마트폰 사용 패턴 분석을 이용한 스트레스 추적 관리,패턴분석,Ran Jo,"Jul 5, 2020 1:47 AM","Jul 22, 2020 11:26 PM",,,,
영수증을 이용한 카페 추천,추천시스템,Minseok Kang,"Jul 4, 2020 1:35 PM","Jul 6, 2020 12:49 PM",,,,
미드 공부,,Minseok Kang,"Jul 6, 2020 8:25 PM","Jul 7, 2020 1:20 AM",,,,
화장품 성분 분석 추천,,Ran Jo,"Jul 6, 2020 9:16 PM","Jul 7, 2020 1:23 AM",,,,
(살짝바꾼버전) 영어공부 개인별 맞춤형 데이터베이스화??,,Kim Jung eui,"Jul 7, 2020 12:15 AM","Jul 7, 2020 12:27 AM",,,,
기획서 배경,,Kim Jung eui,"Jul 7, 2020 5:52 PM","Jul 8, 2020 5:18 PM",,,,
링크,,Kim Jung eui,"Jul 7, 2020 5:52 PM","Jul 8, 2020 8:02 PM",,,,
생각나는거 쭉정리,,Ran Jo,"Jul 7, 2020 5:52 PM","Jul 8, 2020 7:47 PM",,,,
"창업 추천 ",,Kim Jung eui,"Jul 3, 2020 3:14 PM","Jul 3, 2020 3:24 PM",,,,
참고 사이트들,,Minseok Kang,"Jul 6, 2020 8:25 PM","Jul 6, 2020 8:25 PM",,,,