﻿Name,link
화장품 원료 데이터베이스,http://cis.kcii.re.kr/assessmentSearch/cirList.do
화장품 데이터,https://www.makeupalley.com/-
화장품 성분 사전,"http://kcia.or.kr/cid/main/ "
더페이스샵 상품,"https://www.naturecollection.com:974/mall/product/product-view.jsp?dpid=AC001381#viewscroll05 "
아모레퍼시픽 상품,https://www.amorepacificmall.com/kr/ko/display/category/CTG001002?upperMenuId=CTG001002&categoryType=category
올리브영,https://www.oliveyoung.co.kr/store/goods/getGoodsDetail.do?goodsNo=A000000016031&dispCatNo=1000001000100010002
향수 데이터베이스,https://www.fragrantica.com/
,